{
  "parent": "minecraft:recipes/root",
  "rewards": {
    "recipes": [
      "minecraft:composter"
    ]
  },
  "criteria": {
    "has_wood_slab": {
      "trigger": "minecraft:inventory_changed",
      "conditions": {
        "items": [
          {
            "tag": "minecraft:wooden_slabs"
          }
        ]
      }
    },
    "has_the_recipe": {
      "trigger": "minecraft:recipe_unlocked",
      "conditions": {
        "recipe": "minecraft:composter"
      }
    }
  },
  "requirements": [
    [
      "has_wood_slab",
      "has_the_recipe"
    ]
  ]
}