{
  "parent": "minecraft:recipes/root",
  "rewards": {
    "recipes": [
      "minecraft:polished_blackstone_brick_slab_from_polished_blackstone_bricks_stonecutting"
    ]
  },
  "criteria": {
    "has_polished_blackstone_bricks": {
      "trigger": "minecraft:inventory_changed",
      "conditions": {
        "items": [
          {
            "item": "minecraft:polished_blackstone_bricks"
          }
        ]
      }
    },
    "has_the_recipe": {
      "trigger": "minecraft:recipe_unlocked",
      "conditions": {
        "recipe": "minecraft:polished_blackstone_brick_slab_from_polished_blackstone_bricks_stonecutting"
      }
    }
  },
  "requirements": [
    [
      "has_polished_blackstone_bricks",
      "has_the_recipe"
    ]
  ]
}