{
  "parent": "minecraft:recipes/root",
  "rewards": {
    "recipes": [
      "minecraft:warped_planks"
    ]
  },
  "criteria": {
    "has_logs": {
      "trigger": "minecraft:inventory_changed",
      "conditions": {
        "items": [
          {
            "tag": "minecraft:warped_stems"
          }
        ]
      }
    },
    "has_the_recipe": {
      "trigger": "minecraft:recipe_unlocked",
      "conditions": {
        "recipe": "minecraft:warped_planks"
      }
    }
  },
  "requirements": [
    [
      "has_logs",
      "has_the_recipe"
    ]
  ]
}